Folder;Nom;Sous-type d'arme;Compķtence associķe;Illustration;Munition;Calibre;Poids Ó vide;Canon (pouces);Range Short;Range Med;Range Long;Range Extrem;Recul C/C;Recul Burst;Chargeur;ROF mode;ROF limited;;;;;;;;
Armes Ó feu\Pistolet auto;Tula Arms Plant - MSS Vul;powder_projectiles;powder_projectiles;;7,62 SP 4;7,62x42;0,7;16;4;8;24;48;3;;6;SA;1;;;;;;;;
Armes Ó feu\Fusil Sniper;Accuracy international - AW50F;powder_projectiles;powder_projectiles;;.50 BMG;12,7x99;15;27;150;300;900;1800;2;;5;BA;1;;;;;;;;
Armes Ó feu\Fusil;Accuracy internationnal - AT308;powder_projectiles;powder_projectiles;;.308 Winchester Sub;7,62x51;6,3;22;50;100;300;600;1;;10;BA;1;;;;;;;;
Armes Ó feu\Mitrailleuse;ARES - LMG-1;powder_projectiles;powder_projectiles;;5,56 M193;5,56x45;5,7;16;100;200;600;1200;1;5;50;50;10;;;;;;;;
Armes Ó feu\Pistolet auto;Ares Inc - FMG;powder_projectiles;powder_projectiles;;9 P;9x19;1,8;5;16;32;96;192;2;10;28;1/55;10;;;;;;;;
Armes Ó feu\Fusil d'assaut;Armalite - AR 18;powder_projectiles;powder_projectiles;;5,56 M193;5,56x45;3,9;18;50;100;300;600;2;10;30;1/65;10;;;;;;;;
Armes Ó feu\Fusil d'assaut;Armurier Breton - FSA Commando;powder_projectiles;powder_projectiles;;7,62 N;7,62x51;3,96;11;50;100;300;600;2;3;20;1/3;3;;;;;;;;
Armes Ó feu\Fusil Sniper;Armurier Breton - FSA Prķcision;powder_projectiles;powder_projectiles;;7,62 N;7,62x51;3,96;22;133;266;798;1596;2;3;20;1/3;3;;;;;;;;
Armes Ó feu\Fusil Sniper;Armurier Breton - FSA Prķcision S;powder_projectiles;powder_projectiles;;7,62 N;7,62x51;4,1;20;83;166;498;996;2;3;20;1/3;3;;;;;;;;
Armes Ó feu\Fusil pompe;Atchisson - AA-12;powder_projectiles;powder_projectiles;AA-12;Cal. 12 G;18,5x70;5,2;18,5;6;12;36;72;1;3;32;1/7;2;;;;;;;;
Armes Ó feu\Pistolet auto;Auto mag corporation - .44 Automag;powder_projectiles;powder_projectiles;;.44 AMP;10,74x33;1,8;6,5;8;16;48;96;3;;7;SA;1;;;;;;;;
Armes Ó feu\Pistolet Mitrailleur;Auto-Ordonnance Cie - Thompson Mle 1928;powder_projectiles;powder_projectiles;;.45 ACP;11,43x23;4,9;10,5;8;16;48;96;1;5;50;62;10;;;;;;;;
Armes Ó feu\Fusil Sniper;Barrett - M82A1 Light-Fifty;powder_projectiles;powder_projectiles;;.50 BMG;12,7x99;14,1;29;150;300;900;1800;2;;10;SA;1;;;;;;;;
Armes Ó feu\Fusil Sniper;Barrett - M82A2 Light-Fifty;powder_projectiles;powder_projectiles;;.50 BMG;12,7x99;12,9;29;150;300;900;1800;2;;10;SA;1;;;;;;;;
Armes Ó feu\Fusil Sniper;Barrett - M95;powder_projectiles;powder_projectiles;;.50 BMG;12,7x99;10;29;125;250;750;1500;2;;5;BA;1;;;;;;;;
Armes Ó feu\Fusil pompe;Benelli - Benelli Supernova;powder_projectiles;powder_projectiles;;Cal. 12 G;18,5x70;3,58;20;8;16;48;96;2;;5;PA;1;;;;;;;;
Armes Ó feu\Fusil;Benelli - M2;powder_projectiles;powder_projectiles;;Cal. 12 G;18,5x70;3,26;20;8;16;48;96;2;;7;SA;1;;;;;;;;
Armes Ó feu\Fusil pompe;Benelli - M3;powder_projectiles;powder_projectiles;;Cal. 12 G;18,5x70;3,24;19;8;16;48;96;2;;8;PA/SA;1;;;;;;;;
Armes Ó feu\Fusil d'assaut;Beretta - AR 70;powder_projectiles;powder_projectiles;;5,56 M193;5,56x45;3,545;17,7;66;132;396;792;2;5;30;1/55;10;;;;;;;;
Armes Ó feu\Pistolet auto;beretta - Beretta 92FS;powder_projectiles;powder_projectiles;Beretta 92FS;9 P;9x19;0,975;4,9;8;16;48;96;3;;15;SA;1;;;;;;;;
Armes Ó feu\Pistolet Mitrailleur;Beretta - Beretta 93 R;powder_projectiles;powder_projectiles;Beretta 93R;9 P;9x19;1,17;4,9;5;10;30;60;2;3;20;1/3;3;;;;;;;;
Armes Ó feu\Pistolet Mitrailleur;Beretta - Beretta 93 R stock;powder_projectiles;powder_projectiles;;9 P;9x19;1,43;4,9;8;16;48;96;2;3;20;1/3;3;;;;;;;;
Armes Ó feu\Pistolet auto;beretta - Beretta 96 CP;powder_projectiles;powder_projectiles;;.40 S&W;10,17x29;1,135;4,9;8;16;48;96;2;;11;SA;1;;;;;;;;
Armes Ó feu\Fusil d'assaut;Beretta - Beretta ARX-100;powder_projectiles;powder_projectiles;;5,56 M193;5,56x45;3,08;16;50;100;300;600;2;3;30;1/3/50;3;;;;;;;;
Armes Ó feu\Mitrailleuse;Beretta - Beretta AS 70/90;powder_projectiles;powder_projectiles;;5,56 M193;5,56x45;5,34;17,7;50;100;300;600;1;5;30;1/55;10;;;;;;;;
Armes Ó feu\Fusil d'assaut;Beretta - Beretta BM59;powder_projectiles;powder_projectiles;;7,62 N;7,62x51;4,6;19,3;50;100;300;600;2;3;20;1/3/50;3;;;;;;;;
Armes Ó feu\Pistolet Mitrailleur;beretta - Beretta CX-4 Storm;powder_projectiles;powder_projectiles;Beretta CX-4;9 P;9x19;2,57;16,6;16;32;96;192;1;;20;SA;1;;;;;;;;
Armes Ó feu\Pistolet Mitrailleur;Beretta - Beretta M12;powder_projectiles;powder_projectiles;Beretta M12;9 P;9x19;3,24;7,9;15;30;90;180;1;3;32;1/45;9;;;;;;;;
Armes Ó feu\Pistolet Mitrailleur;Beretta - Beretta M1918;powder_projectiles;powder_projectiles;;9 P;9x19;3,3;12;8;16;48;96;1;3;25;1/50;10;;;;;;;;
Armes Ó feu\Pistolet auto;Beretta - Beretta M34;powder_projectiles;powder_projectiles;;.380 ACP;9x17;0,668;3,4;5;10;30;60;3;;8;SA;1;;;;;;;;
Armes Ó feu\Pistolet auto;Beretta - Beretta Model 1951;powder_projectiles;powder_projectiles;;9 P;9x19;0,87;4,5;8;16;48;96;3;;8;SA;1;;;;;;;;
Armes Ó feu\Pistolet auto;Beretta - Beretta Model 70S;powder_projectiles;powder_projectiles;;.380 ACP;9x17;0,675;3,5;6;12;36;72;3;;7;SA;1;;;;;;;;
Armes Ó feu\Pistolet auto;Beretta - Beretta Model 84;powder_projectiles;powder_projectiles;;.380 ACP;9x17;0,66;3,8;6;12;36;72;3;;13;SA;1;;;;;;;;
Armes Ó feu\Pistolet Mitrailleur;Beretta - Beretta Model12S;powder_projectiles;powder_projectiles;;9 P;9x19;3,4;7,9;8;16;48;96;1;5;32;1/50;10;;;;;;;;
Armes Ó feu\Pistolet Mitrailleur;Bergmann - MP35;powder_projectiles;powder_projectiles;;9 P;9x19;4,24;12,5;12;24;72;144;;5;32;10;10;;;;;;;;
Armes Ó feu\Mitrailleuse;Browning - .50 M2HB;powder_projectiles;powder_projectiles;;.50 BMG;12,7x99;38,1;45;250;500;1500;3000;1;3;50;1/5/40;5;;;;;;;;
Armes Ó feu\Pistolet auto;Browning - BDA-380;powder_projectiles;powder_projectiles;;.380 ACP;.380ACP;0,64;3,8;5;10;30;60;3;;12;SA;1;;;;;;;;
Armes Ó feu\Pistolet auto;Browning - Buck Mk22;powder_projectiles;powder_projectiles;;.22 LR;5,56x15;0,95;5,5;3;6;18;36;2;;10;SA;1;;;;;;;;
Armes Ó feu\Pistolet auto;Browning - HP 35;powder_projectiles;powder_projectiles;;9 P;9x19 P;0,81;4,7;5;10;30;60;3;;13;SA;1;;;;;;;;
Armes Ó feu\Pistolet auto;BSAC - Welrod .32;powder_projectiles;powder_projectiles;Welrod MkI;.32 ACP;7,65x17;0,8;3,5;2;4;12;24;2;;6;BA;1;;;;;;;;
Armes Ó feu\Pistolet;BSAC - Welrod 9;powder_projectiles;powder_projectiles;Welrod MkI;9 P;9x19;1,5;5;2;4;12;24;2;;6;BA;1;;;;;;;;
Armes Ó feu\Pistolet Mitrailleur;Bushmaster internationnal - BAP;powder_projectiles;powder_projectiles;;5,56 M193;5.56N;1,93;24;15;30;90;180;;5;20;5;5;;;;;;;;
Armes Ó feu\fusil;Ceskß zbrojovka - VZ-24;powder_projectiles;powder_projectiles;;8mm Mauser;7,92x57;4,2;23;50;100;300;600;2;;5;BA;1;;;;;;;;
Armes Ó feu\fusil;Ceskß zbrojovka - Vz-52;powder_projectiles;powder_projectiles;;7,62 R;7,62x39;4,5;20,7;50;100;300;600;2;;10;SA;1;;;;;;;;
Armes Ó feu\fusil;Ceskß zbrojovka - Vz-54;powder_projectiles;powder_projectiles;;7,62x54 R;7,62x54;5,2;24;75;150;450;900;2;;5;BA;1;;;;;;;;
Armes Ó feu\Mitrailleuse;Ceskß zbrojovka - VZ-59;powder_projectiles;powder_projectiles;;7,62x54 R;7,62x54;8,6;22;100;200;600;1200;1;8;50;62;10;;;;;;;;
Armes Ó feu\Pistolet Mitrailleur;Ceskß zbrojovka - Vz-61/62 Skorpion;powder_projectiles;powder_projectiles;;.32 ACP;7,65x17;1,28;4,5;8;16;48;96;2;10;20;1/10/20;10;;;;;;;;
Armes Ó feu\Fusil d'assaut;CETME - CETME C;powder_projectiles;powder_projectiles;;7,62 N;7,62x51;4,4;17,7;50;100;300;600;2;10;30;1/50;10;;;;;;;;
Armes Ó feu\Fusil d'assaut;CETME - CETME L;powder_projectiles;powder_projectiles;;5,56 M193;5,56x45;3,4;17,7;50;100;300;600;2;10;30;1/55;10;;;;;;;;
Armes Ó feu\Fusil d'assaut;CETME - CETME LC;powder_projectiles;powder_projectiles;;5,56 M193;5,56x45;3,4;12,2;41;82;246;492;2;10;30;1/10/60;10;;;;;;;;
Armes Ó feu\Mitrailleuse;CETME - CETMI Ameli;powder_projectiles;powder_projectiles;;7,62 N;7,62x51;6,151;15,7;100;200;600;1200;;5;50;9/85;9;;;;;;;;
Armes Ó feu\Fusil;Chauchat - RSC Mle1918;powder_projectiles;powder_projectiles;;8mm Lebel;8x51;4,7;31,5;83;166;498;996;2;;5;SA;1;;;;;;;;
Armes Ó feu\Fusil Sniper;CKIB - VKS - Vychlop;powder_projectiles;powder_projectiles;;STS-130 TP;12,7x55;7;17;100;200;600;1200;1;;5;SA;1;;;;;;;;
Armes Ó feu\revolver;Colt - Special police;powder_projectiles;powder_projectiles;;.38 Special;9x29;0,95;4;2;4;12;24;2;;6;BA;1;;;;;;;;
Armes Ó feu\revolver;Colt - .44 anaconda 8';powder_projectiles;powder_projectiles;;.44 Magnum;10,9x41;1,67;8;12;24;72;144;3;;6;BA;1;;;;;;;;
Armes Ó feu\Fusil d'assaut;Colt - AR 15 A2;powder_projectiles;powder_projectiles;;5,56 M193;5,56x45;3,5;20;50;100;300;600;2;;30;S A;1;;;;;;;;
Armes Ó feu\Fusil d'assaut;Colt - CAR 15 (M177);powder_projectiles;powder_projectiles;;5,56 M193;5,56x45;2,78;10;50;100;300;600;2;;30;1;1;;;;;;;;
Armes Ó feu\revolver;"Colt - Colt Police 12""";powder_projectiles;powder_projectiles;;.38 special;9x29;1,1;12;5;10;30;60;2;;6;DAR;1;;;;;;;;
Armes Ó feu\revolver;"Colt - Colt Python 15""";powder_projectiles;powder_projectiles;;.357 Magnum;9x33;1,3;15;5;10;30;60;3;;6;DAR;1;;;;;;;;
Armes Ó feu\revolver;"Colt - Colt Python 6""";powder_projectiles;powder_projectiles;;.357 Magnum;9x33;0,935;6;2;4;12;24;3;;6;DAR;1;;;;;;;;
Armes Ó feu\Pistolet auto;Colt - combat commander;powder_projectiles;powder_projectiles;;.45 ACP;11,43x23;0,75;4,25;6;12;36;72;3;;7;SA;1;;;;;;;;
Armes Ó feu\revolver;Colt - dķtective special;powder_projectiles;powder_projectiles;;.38 special;9x29;0,58;2;2;4;12;24;3;;6;DAR;1;;;;;;;;
Armes Ó feu\Pistolet auto;Colt - Government M380;powder_projectiles;powder_projectiles;;.380 ACP;.380ACP;0,61;3,25;10;20;60;120;3;;7;SA;1;;;;;;;;
Armes Ó feu\Fusil d'assaut;Colt - M16 A1;powder_projectiles;powder_projectiles;;5,56 M193;5,56x45;3,1;20;41;82;246;492;2;10;30;1/65;10;;;;;;;;
Armes Ó feu\Fusil d'assaut;Colt - M16 A1 carbine;powder_projectiles;powder_projectiles;;5,56 M193;5,56x45;2,631;14,5;41;82;246;492;2;10;30;1/60;10;;;;;;;;
Armes Ó feu\Mitrailleuse;Colt - M16 A1 HBAR;powder_projectiles;powder_projectiles;;5,56 M193;5,56x45;3,583;20;58;116;348;696;2;10;50;1/60;10;;;;;;;;
Armes Ó feu\Fusil d'assaut;Colt - M16 A2;powder_projectiles;powder_projectiles;;5,56 M193;5,56x45;3,9;20;50;100;300;600;2;3;30;1/3/65;3;;;;;;;;
Armes Ó feu\Fusil d'assaut;Colt - M16 A2 Carbine;powder_projectiles;powder_projectiles;;5,56 M193;5,56x45;2,676;14,5;50;100;300;600;2;3;30;1/3/65;3;;;;;;;;
Armes Ó feu\Fusil d'assaut;Colt - M16 A4;powder_projectiles;powder_projectiles;;5,56 M193;5,56x45;2,7;20;50;100;300;600;2;3;30;1/3/21;3;;;;;;;;
Armes Ó feu\Pistolet auto;Colt - M1911A1;powder_projectiles;powder_projectiles;;.45 ACP;11,43x23;1,08;5;5;10;30;60;2;;7;SA;1;;;;;;;;
Armes Ó feu\Pistolet Mitrailleur;Colt - M3 A1;powder_projectiles;powder_projectiles;;.45 ACP;11,43x23;3,47;8;8;16;48;96;;3;30;35;5;;;;;;;;
Armes Ó feu\Fusil d'assaut;Colt - M4A1;powder_projectiles;powder_projectiles;;5,56 M193;5,56x45;2,94;14,5;50;100;300;600;2;3;30;1/3/60;3;;;;;;;;
Armes Ó feu\Fusil d'assaut;Colt - M4A4;powder_projectiles;powder_projectiles;;5,56 M193;5,56x45;2,608;14,5;50;100;300;600;2;10;30;1/3/65;3;;;;;;;;
Armes Ó feu\Pistolet Mitrailleur;Colt - SR 635 KAC;powder_projectiles;powder_projectiles;;9 S;9x19;3,062;10,5;10;20;60;120;1;3;30;1/5/50;5;;;;;;;;
Armes Ó feu\Pistolet Mitrailleur;Colt - SR 635 SMG;powder_projectiles;powder_projectiles;;9 P;9x19;2,608;10,5;16;32;96;192;1;5;30;1/10/75;10;;;;;;;;
Armes Ó feu\Pistolet auto;CZ - CZ 75;powder_projectiles;powder_projectiles;;9 P;9x19;1,18;4,7;8;16;48;96;3;;15;SA;1;;;;;;;;
Armes Ó feu\Mitrailleuse;Degtiarev - DShK;powder_projectiles;powder_projectiles;;12,7R;12,7x108;46,7;42,5;333;666;1998;3996;;5;50;10/100;10;;;;;;;;
Armes Ó feu\Mitrailleuse;Degtiarev - DShK sur trepied;powder_projectiles;powder_projectiles;;12,7R;12,7x108;46,7;42,5;333;666;1998;3996;;5;50;10/100;10;;;;;;;;
Armes Ó feu\fusil;Delisle - Carbine;powder_projectiles;powder_projectiles;;.45 ACP;11,43x23;3,74;8,5;33;66;198;396;1;;11;BA;1;;;;;;;;
Armes Ó feu\Pistolet auto;Detonic - DA 9;powder_projectiles;powder_projectiles;;9 P;9x19;0,616;3,5;8;16;48;96;5;;12;SA;1;;;;;;;;
Armes Ó feu\Pistolet auto;Detonic - Scoremaster;powder_projectiles;powder_projectiles;;.45 ACP;11,43x23;1,15;5;0;0;0;0;3;;9;SA;1;;;;;;;;
Armes Ó feu\Fusil Sniper;Diemaco - C 3A1;powder_projectiles;powder_projectiles;;7,62 N;7,62x51;7,2;8,9;100;200;600;1200;1;;1;BA;1;;;;;;;;
Armes Ó feu\Fusil d'assaut;Diemaco - C7A1;powder_projectiles;powder_projectiles;;5,56 M193;5,56x45;3,3;20;50;100;300;600;2;10;30;1/60;10;;;;;;;;
Armes Ó feu\Fusil sniper;Einfield - Mk I Boys Antitank Rifle monopod;powder_projectiles;powder_projectiles;;.55 Boys;13,9x99;16,33;36;38;76;228;456;1;;5;SA;1;;;;;;;;
Armes Ó feu\Fusil sniper;Einfield - Mk II Boys Antitank Rifle;powder_projectiles;powder_projectiles;;.55 Boys;13,9x99;16,33;36;20;40;120;240;1;;5;SA;1;;;;;;;;
Armes Ó feu\Pistolet Mitrailleur;Enfield - Sten;powder_projectiles;powder_projectiles;Sten;9 P;9x19;3,2;7,7;7;14;42;84;1;3;32;50;5;;;;;;;;
Armes Ó feu\Pistolet Mitrailleur;Enfield - Sten Mk II S;powder_projectiles;powder_projectiles;;9 P;9x19;3,2;7,7;8;16;48;96;1;5;32;1/50;10;;;;;;;;
Armes Ó feu\Pistolet Mitrailleur;Erma - EMP 36;powder_projectiles;powder_projectiles;;9 P;9x19;4;10;25;50;150;300;1;3;32;4/50;4;;;;;;;;
Armes Ó feu\Pistolet Mitrailleur;Erma - EMP 36 S;powder_projectiles;powder_projectiles;;9 S;9x19;4;10;16;32;96;192;1;3;32;4/50;4;;;;;;;;
Armes Ó feu\Fusil d'assaut;FEG - AMD-65;powder_projectiles;powder_projectiles;;7,62 R;7,62x39;2,92;12,6;20;40;120;240;2;5;30;1/50;10;;;;;;;;
Armes Ó feu\Fusil d'assaut;FN HERSTAL - FN P2000;powder_projectiles;powder_projectiles;;5,56 M193;5,56x45;3,6;3,7;33;66;198;396;2;3;30;1/3/50;3;;;;;;;;
Armes Ó feu\Pistolet Mitrailleur;FN HERSTAL - FN P90;powder_projectiles;powder_projectiles;;SS190;5,7x28;2,84;10,4;8;16;48;96;1;2;50;1/3/90;3;;;;;;;;
Armes Ó feu\Fusil d'assaut;FN HERSTAL - FNC M2;powder_projectiles;powder_projectiles;;5,56 M193;5,56x45;3,8;17,7;41;82;246;492;2;3;30;1/3/55;3;;;;;;;;
Armes Ó feu\Fusil d'assaut;FN HERSTAL - FNC M3 Para;powder_projectiles;powder_projectiles;;5,56 M193;5,56x45;3,7;14,5;38;76;228;456;2;3;30;1/3/55;3;;;;;;;;
Armes Ó feu\Fusil d'assaut;FN HERSTAL - FNFAL;powder_projectiles;powder_projectiles;;7,62 N;7,62x51;4,31;21;66;132;396;792;2;5;30;1/5/55;5;;;;;;;;
Armes Ó feu\Mitrailleuse;FN HERSTAL - M249 Minimi;powder_projectiles;powder_projectiles;;5,56 M193;5,56x45;7,5;18,3;58;116;348;696;;5;100;9/75;9;;;;;;;;
Armes Ó feu\Mitrailleuse;FN HERSTAL - Minimi Para;powder_projectiles;powder_projectiles;;5,56 M193;5,56x45;6,75;14,5;50;100;300;600;;5;100;9/70;9;;;;;;;;
Armes Ó feu\Fusil;FN HERSTAL - SAFN49;powder_projectiles;powder_projectiles;;.30-06;7,62x63;4,31;23;50;100;300;600;2;;20;SA;1;;;;;;;;
Armes Ó feu\Fusil pompe;Franchi - PA3;powder_projectiles;powder_projectiles;;Cal. 12 G;18,5x70;2,7;20;8;16;48;96;3;;3;PA;1;;;;;;;;
Armes Ó feu\Fusil pompe;Franchi - SPAS 12;powder_projectiles;powder_projectiles;;Cal. 12 G;18,5x70;4,12;18;8;16;48;96;2;;8;PA;1;;;;;;;;
Armes Ó feu\Fusil pompe;Franchi - SPAS-15;powder_projectiles;powder_projectiles;;Cal. 12 G;18,5x70;3,8;18,5;8;16;48;96;2;;10;PA/SA;1;;;;;;;;
Armes Ó feu\Fusil pompe;Franchi - SPAS-15 Close with buckshot;powder_projectiles;powder_projectiles;;Cal. 12 G;18,5x70;3,8;18;8;16;48;96;2;;10;PA/SA;1;;;;;;;;
Armes Ó feu\Fusil pompe;Franchi - SPAS-15 Medium with buckshot (p200);powder_projectiles;powder_projectiles;;Cal. 12 G;18,5x70;3,8;20;8;16;48;96;2;;10;PA/SA;1;;;;;;;;
Armes Ó feu\Mitrailleuse;G8 A1;powder_projectiles;powder_projectiles;;7,62 N;7,62x51;9,148;17,7;133;266;798;1596;1;5;50;1/68;10;;;;;;;;
Armes Ó feu\Fusil Sniper;Galil - 99SR;powder_projectiles;powder_projectiles;;7,62 N;7,62x51;5,1;18;100;200;600;1200;2;;10;SA;1;;;;;;;;
Armes Ó feu\Fusil d'assaut;Galil - ACE;powder_projectiles;powder_projectiles;;5,56 M193;5,56x45;2,95;13;50;100;300;600;2;3;35;1/3/50;3;;;;;;;;
Armes Ó feu\Mitrailleuse;Galil - ARM;powder_projectiles;powder_projectiles;;7,62 N;7,62x51;4;7,5;75;150;450;900;2;5;35;1/5/55;5;;;;;;;;
Armes Ó feu\Fusil Sniper;Galil - Galatz SR;powder_projectiles;powder_projectiles;;7,62 N;7,62x51;6,4;16;100;200;600;1200;1;;20;SA;1;;;;;;;;
Armes Ó feu\Fusil d'assaut;Galil - MAR;powder_projectiles;powder_projectiles;;5,56 M193;5,56x45;2,95;20;50;100;300;600;2;5;35;1/5/55;5;;;;;;;;
Armes Ó feu\Fusil d'assaut;Galil - SAR;powder_projectiles;powder_projectiles;;5,56 M193;5,56x45;3,75;22;50;100;300;600;2;5;35;1/5/55;5;;;;;;;;
Armes Ó feu\Mitrailleuse;General Electric - M214 sans trepied;powder_projectiles;powder_projectiles;;5,56 M193;5,56x45;12,3;21;75;150;450;900;;50;1000;100;100;;;;;;;;
Armes Ó feu\Mitrailleuse;General Electric - M214 sur trepied;powder_projectiles;powder_projectiles;;5,56 M193;5,56x45;38,6;21;75;150;450;900;;50;1000;100;100;;;;;;;;
Armes Ó feu\Pistolet auto;Glock - G17;powder_projectiles;powder_projectiles;;9 P;9x19;0,625;4,5;8;16;48;96;4;;17;SA;1;;;;;;;;
Armes Ó feu\Pistolet auto;Glock - G21;powder_projectiles;powder_projectiles;;.45 ACP;11,43x23;0,745;4,6;8;16;48;96;3;;13;SA;1;;;;;;;;
Armes Ó feu\Pistolet auto;Glock - G22;powder_projectiles;powder_projectiles;;.40 S&W;10,17x29;0,65;4,5;10;20;60;120;3;;15;SA;1;;;;;;;;
Armes Ó feu\Pistolet Mitrailleur;GM - M3A1;powder_projectiles;powder_projectiles;;.45 ACP;11,43x23;3,7;8;15;30;90;180;1;3;30;1/50;10;;;;;;;;
Armes Ó feu\Pistolet auto;GP35;powder_projectiles;powder_projectiles;;9 P;9x19;0,927;4,7;6;12;36;72;3;;17;SA;1;;;;;;;;
Armes Ó feu\Fusil pompe;Hawk SA;powder_projectiles;powder_projectiles;;Cal. 16 G;16,8x70;3,2;20;6;12;36;72;2;;7;SA;1;;;;;;;;
Armes Ó feu\Mitrailleuse;Heckler&Koch - HK 21 A1;powder_projectiles;powder_projectiles;;7,62 N;7,62x51;8,3;17,7;100;200;600;1200;;8;50;65;10;;;;;;;;
Armes Ó feu\Mitrailleuse;Heckler&Koch - HK 23E;powder_projectiles;powder_projectiles;;5,56 M193;5,56x45;7,3;17,7;66;132;396;792;1;5;100;1/68;10;;;;;;;;
Armes Ó feu\Fusil d'assaut;Heckler&Koch - HK 33 A2;powder_projectiles;powder_projectiles;;5,56 M193;5,56x45;3,651;15,4;50;100;300;600;2;3;30;1/10/60;10;;;;;;;;
Armes Ó feu\Fusil d'assaut;Heckler&Koch - HK 33 A3;powder_projectiles;powder_projectiles;;5,56 M193;5,56x45;3,969;15,4;50;100;300;600;2;3;30;1/10/60;10;;;;;;;;
Armes Ó feu\Fusil d'assaut;Heckler&Koch - HK 33 K A1;powder_projectiles;powder_projectiles;;5,56 M193;5,56x45;3,969;12,7;50;100;300;600;2;5;30;1/5/55;5;;;;;;;;
Armes Ó feu\Fusil Sniper;Heckler&Koch - HK 33 SG/1;powder_projectiles;powder_projectiles;;5,56 M193;5,56x45;4,445;17,7;58;116;348;696;1;;30;SA;1;;;;;;;;
Armes Ó feu\Fusil d'assaut;Heckler&Koch - HK 416;powder_projectiles;powder_projectiles;;5,56 M193;5,56x45;3,5;14,5;41;82;246;492;2;3;30;1/3/50;3;;;;;;;;
Armes Ó feu\Fusil d'assaut;Heckler&Koch - HK 417 D20;powder_projectiles;powder_projectiles;;7,62 N;7,62 x 51;4,23;20;75;150;450;900;2;3;20;1/3/50;3;;;;;;;;
Armes Ó feu\Fusil d'assaut;Heckler&Koch - HK 53;powder_projectiles;powder_projectiles;;5,56 M193;5,56x45;3,048;8,3;50;100;300;600;2;3;25;1/5/50;5;;;;;;;;
Armes Ó feu\Fusil Sniper;Heckler&Koch - HK 94 SG1;powder_projectiles;powder_projectiles;;9 P;9x19;3,257;17,7;20;40;120;240;1;;30;S A;1;;;;;;;;
Armes Ó feu\Fusil;Heckler&Koch - HK CAWS;powder_projectiles;powder_projectiles;;Cal. 12 B;18,5x70;3,7;18;20;40;120;240;2;10;10;1/9;3;;;;;;;;
Armes Ó feu\Fusil d'assaut;Heckler&Koch - HK D10RS;powder_projectiles;powder_projectiles;;5,56 M193;5,56x45;3,02;20;41;82;246;492;2;2;30;1/3/50;3;;;;;;;;
Armes Ó feu\Fusil d'assaut;Heckler&Koch - HK G3 A3;powder_projectiles;powder_projectiles;;7,62 N;7,62x51;4,4;17,7;50;100;300;600;2;5;20;1/5/50;5;;;;;;;;
Armes Ó feu\Fusil d'assaut;Heckler&Koch - HK G3 A4;powder_projectiles;powder_projectiles;;7,62 N;7,62x51;4,717;17,7;50;100;300;600;2;5;20;1/5/50;5;;;;;;;;
Armes Ó feu\Fusil d'assaut;Heckler&Koch - HK G3 K;powder_projectiles;powder_projectiles;;7,62 N;7,62x51;4,4;12,4;50;100;300;600;2;5;20;1/5/50;5;;;;;;;;
Armes Ó feu\Fusil Sniper;Heckler&Koch - HK G3 SG/1;powder_projectiles;powder_projectiles;;7,62 N;7,62x51;5,488;17,7;66;132;396;792;2;;10;SA;1;;;;;;;;
Armes Ó feu\Fusil d'assaut;Heckler&Koch - HK G36;powder_projectiles;powder_projectiles;;5,56 M193;5,56x45;3,63;18,9;50;100;300;600;2;4;30;1/4/75;4;;;;;;;;
Armes Ó feu\Fusil d'assaut;Heckler&Koch - HK G36 K;powder_projectiles;powder_projectiles;;5,56 M193;5,56x45;3,34;12,5;41;82;246;492;2;4;30;1/4/75;4;;;;;;;;
Armes Ó feu\Fusil d'assaut;Heckler&Koch - HK G41 A1;powder_projectiles;powder_projectiles;;5,56 M193;5,56x45;4,1;17,7;41;82;246;492;1;2;30;1/75;10;;;;;;;;
Armes Ó feu\Fusil d'assaut;Heckler&Koch - HK G41 A2;powder_projectiles;powder_projectiles;;5,56 M193;5,56x45;4,4;17,7;41;82;246;492;1;2;30;1/75;10;;;;;;;;
Armes Ó feu\Fusil d'assaut;Heckler&Koch - HK G41 K;powder_projectiles;powder_projectiles;;5,56 M193;5,56x45;3,9;12,4;20;40;120;240;2;3;30;1/3/70;3;;;;;;;;
Armes Ó feu\Pistolet auto;Heckler&Koch - HK Mk23 Mod 0 S;powder_projectiles;powder_projectiles;;.45 ACP;11,43x23;1,21;5,87;5;10;30;60;2;;12;SA;1;;;;;;;;
Armes Ó feu\Pistolet Mitrailleur;Heckler&Koch - HK MP 2000;powder_projectiles;powder_projectiles;;9 P;9x19;2,781;3,7;8;16;48;96;1;2;30;1/3/70;3;;;;;;;;
Armes Ó feu\Pistolet Mitrailleur;Heckler&Koch - HK MP5 A2;powder_projectiles;powder_projectiles;;9 P;9x19;2,54;8,9;15;30;90;180;1;3;30;1/(55);10;;;;;;;;
Armes Ó feu\Pistolet Mitrailleur;Heckler&Koch - HK MP5 A3;powder_projectiles;powder_projectiles;;9 P;9x19;2,88;8,9;15;30;90;180;1;2;30;1/(55);10;;;;;;;;
Armes Ó feu\Pistolet Mitrailleur;Heckler&Koch - HK MP5 A4;powder_projectiles;powder_projectiles;;9 P;9x19;2,54;8,9;15;30;90;180;1;2;30;1/3/55;3;;;;;;;;
Armes Ó feu\Pistolet Mitrailleur;Heckler&Koch - HK MP5 A5;powder_projectiles;powder_projectiles;;9 P;9x19;2,88;8,9;15;30;90;180;1;2;30;1/3/55;3;;;;;;;;
Armes Ó feu\Pistolet Mitrailleur;Heckler&Koch - HK MP5 K;powder_projectiles;powder_projectiles;;9 P;9x19;2;4,5;5;10;30;60;2;3;30;1/(75);10;;;;;;;;
Armes Ó feu\Pistolet Mitrailleur;Heckler&Koch - HK MP5 SD5;powder_projectiles;powder_projectiles;;9 P;9x19;3,1;5,7;15;30;90;180;1;2;30;1/3/55;3;;;;;;;;
Armes Ó feu\Pistolet Mitrailleur;Heckler&Koch - HK MP5 SD6;powder_projectiles;powder_projectiles;;9 P;9x19;3,4;5,7;15;30;90;180;1;3;30;1/(65);10;;;;;;;;
Armes Ó feu\Pistolet Mitrailleur;Heckler&Koch - HK MP5/40;powder_projectiles;powder_projectiles;;.40 S&W;10,17x29;2,88;8,9;15;30;90;180;1;2;30;1/3/55;3;;;;;;;;
Armes Ó feu\Pistolet Mitrailleur;Heckler&Koch - HK MP7;powder_projectiles;powder_projectiles;;4,6x30;4,6x30;2,86;7,1;15;30;90;180;1;2;40;1/3/80;3;;;;;;;;
Armes Ó feu\Pistolet auto;Heckler&Koch - HK P2000;powder_projectiles;powder_projectiles;;9 P;9x19;0,72;3,7;5;10;30;60;4;;13;SA;1;;;;;;;;
Armes Ó feu\Pistolet auto;Heckler&Koch - HK P7M9-13;powder_projectiles;powder_projectiles;;.380 ACP;9x17;0,52;4,1;5;10;30;60;3;;7;SA;1;;;;;;;;
Armes Ó feu\Pistolet auto;Heckler&Koch - HK P9S;powder_projectiles;powder_projectiles;;9 P;9x19;0,88;4;5;10;30;60;3;;9;SA;1;;;;;;;;
Armes Ó feu\Fusil Sniper;Heckler&Koch - HK PSG1;powder_projectiles;powder_projectiles;;7,62 N;7,62x51;8,1;25,6;58;116;348;696;1;;10;S A;1;;;;;;;;
Armes Ó feu\Pistolet auto;Heckler&Koch - HK USP;powder_projectiles;powder_projectiles;;9 P;9x19;0,645;4,4;5;10;30;60;4;;13;SA;1;;;;;;;;
Armes Ó feu\Fusil d'assaut;Heckler&Koch - HK XM 8;powder_projectiles;powder_projectiles;;5,56 M193;5,56x45;2,659;14,5;50;100;300;600;2;3;30;1/3/50;3;;;;;;;;
Armes Ó feu\Pistolet auto;Heckler&Koch - HK-4;powder_projectiles;powder_projectiles;;.25 ACP;6,35x16;0,48;4;4;8;24;48;2;;7;SA;1;;;;;;;;
Armes Ó feu\Pistolet;High Standart - HDM;powder_projectiles;powder_projectiles;;.22 LR;;1,3;4,5;3;6;18;36;1;;10;SA;1;;;;;;;;
Armes Ó feu\Pistolet auto;Hight Standart - Sharp Derringer;powder_projectiles;powder_projectiles;;.22 Magnum;5,56x15;0,31;3;2;4;12;24;5;;2;SA;1;;;;;;;;
Armes Ó feu\Pistolet Mitrailleur;Mendoza - HM-3;powder_projectiles;powder_projectiles;;9 P;9x19;2,7;20;15;30;90;180;;3;32;50;10;;;;;;;;
Armes Ó feu\mitrailleuse;Hotchkiss - Mle 1914;powder_projectiles;powder_projectiles;;8mm lebel;8x51;25,3;31;100;200;600;1200;;5;250;50;10;;;;;;;;
Armes Ó feu\Pistolet auto;IMBEL - 45 UC;powder_projectiles;powder_projectiles;;.45 ACP;11,43x23;0,94;5;6;12;36;72;3;;8;SA;1;;;;;;;;
Armes Ó feu\Pistolet auto;IMBEL - 9 GC;powder_projectiles;powder_projectiles;;9 P;9x19;0,94;4,25;7;14;42;84;3;;12;SA;1;;;;;;;;
Armes Ó feu\Fusil d'assaut;IMBEL - MD2;powder_projectiles;powder_projectiles;;5,56 M193;5,56x45;4,4;17,7;50;100;300;600;1;2;30;1/3/40;8;;;;;;;;
Armes Ó feu\Pistolet Mitrailleur;IMBEL - MD97LC;powder_projectiles;powder_projectiles;;5,56 M193;5,56x45;3,3;14,5;50;100;300;600;2;15;30;1/80;15;;;;;;;;
Armes Ó feu\Pistolet Mitrailleur;IMI - M91 UZI;powder_projectiles;powder_projectiles;;9 P;9x19;1;10,2;16;32;96;192;;2;32;50;1;;;;;;;;
Armes Ó feu\Pistolet Mitrailleur;IMI - Micro UZI;powder_projectiles;powder_projectiles;;9 P;9x19;1,95;7,7;4;8;24;48;2;15;32;1/50;10;;;;;;;;
Armes Ó feu\Pistolet Mitrailleur;IMI - Mini UZI;powder_projectiles;powder_projectiles;;9 P;9x19;2,7;4,6;8;16;48;96;1;5;32;1/50;10;;;;;;;;
Armes Ó feu\Pistolet Mitrailleur;IMI - MTAR-21 Micro Tavor;powder_projectiles;powder_projectiles;;9 P;9x19;2,95;13;11;22;66;132;1;5;30;1/50;10;;;;;;;;
Armes Ó feu\Fusil d'assaut;IMI - TAR-21 Tavor;powder_projectiles;powder_projectiles;;5,56 M193;5,56x45;3,27;18,1;50;100;300;600;2;10;30;1/50;10;;;;;;;;
Armes Ó feu\Fusil d'assaut;IMI - X-95 Tavor;powder_projectiles;powder_projectiles;;5,56 M193;5,56x45;3,4;16,5;50;100;300;600;2;3;30;1/3/50;3;;;;;;;;
Armes Ó feu\Pistolet Mitrailleur;Ingram - M 11;powder_projectiles;powder_projectiles;;.380 ACP;.380ACP;1,59;5;10;20;60;120;1;5;32;1/15/100;15;;;;;;;;
Armes Ó feu\Pistolet Mitrailleur;Ingram - M10;powder_projectiles;powder_projectiles;;9 P;9x19;2,84;5,75;10;20;60;120;1;5;32;1/10/90;10;;;;;;;;
Armes Ó feu\Pistolet Mitrailleur;Ingram - M10 .45;powder_projectiles;powder_projectiles;;.45 ACP;11,43x23;2,84;5,75;10;20;60;120;1;5;30;1/15/95;15;;;;;;;;
Armes Ó feu\Pistolet Mitrailleur;Ingram - M10 SD;powder_projectiles;powder_projectiles;;.45 ACP;11,43x23;3,385;5,75;6;12;36;72;1;5;32;1/15/95;15;;;;;;;;
Armes Ó feu\Pistolet Mitrailleur;Ingram - M10 SD;powder_projectiles;powder_projectiles;;9 P;9x19;3,385;5,75;8;16;48;96;1;5;32;1/10/90;10;;;;;;;;
Armes Ó feu\Pistolet Mitrailleur;Ingram - M11/9 SD;powder_projectiles;powder_projectiles;;9 P;9x19;2,033;5;8;16;48;96;2;15;32;1/15/100;15;;;;;;;;
Armes Ó feu\Pistolet auto;IWI - 941FS JERICHO;powder_projectiles;powder_projectiles;;.40 S&W;10,17x29;0,946;4,4;5;10;30;60;3;;12;SA;1;;;;;;;;
Armes Ó feu\Pistolet Mitrailleur;Izhmash - SR-3M VIKHR;powder_projectiles;powder_projectiles;;9 SP 5;9x39;2;6,1;15;30;90;180;1;2;30;1/75;10;;;;;;;;
Armes Ó feu\Fusil Sniper;Izhmash - SV-98;powder_projectiles;powder_projectiles;;7,62x54 R;7,62x54;6,2;25,6;100;200;600;1200;2;;10;BA;1;;;;;;;;
Armes Ó feu\Fusil Sniper;Izhmash - SVD;powder_projectiles;powder_projectiles;;7,62x54 R;7,62x54;4,3;24,4;108;216;648;1296;2;;10;S A;1;;;;;;;;
Armes Ó feu\Fusil Sniper;Izhmash - SVU-A;powder_projectiles;powder_projectiles;;7,62x54 R;7,62x54;4,2;20;100;200;600;1200;2;;30;SA;1;;;;;;;;
Armes Ó feu\Pistolet Mitrailleur;Jati-Matic;powder_projectiles;powder_projectiles;;9 P;9x19 P;1,65;7,8;6;12;36;72;2;5;25;1/5/50;5;;;;;;;;
Armes Ó feu\Fusil d'assaut;K11;powder_projectiles;powder_projectiles;;5,56 M193;5,56x45;6,1;;50;100;300;600;1;2;30;1/3/50;3;;;;;;;;
Armes Ó feu\Fusil d'assaut;Kalashnikov - AK-104;powder_projectiles;powder_projectiles;;7,62 R;7,62x39;2,9;12,4;50;100;300;600;2;8;30;1/8;8;;;;;;;;
Armes Ó feu\Fusil d'assaut;Kalashnikov - AK-105;powder_projectiles;powder_projectiles;;5,45 M74;5,45x39;3;12,4;50;100;300;600;2;8;30;1/8;8;;;;;;;;
Armes Ó feu\Fusil d'assaut;Kalashnikov - AK-107;powder_projectiles;powder_projectiles;;5,45 M74;5,45x39;3,8;16,3;50;100;300;600;2;3;30;1/3/10;3;;;;;;;;
Armes Ó feu\Fusil d'assaut;Kalashnikov - AK-108;powder_projectiles;powder_projectiles;;5,56 M193;5,56x45;3,45;16,3;50;100;300;600;2;3;30;1/3/10;3;;;;;;;;
Armes Ó feu\Fusil d'assaut;Kalashnikov - AK-12;powder_projectiles;powder_projectiles;;5,45 M74;5,45x39;2,9;16,3;50;100;300;600;2;3;30;1/3/10;3;;;;;;;;
Armes Ó feu\Fusil d'assaut;Kalashnikov - AK-15;powder_projectiles;powder_projectiles;;7,62 R;7,62x39;3,3;16,3;50;100;300;600;2;3;30;1/4/50;4;;;;;;;;
Armes Ó feu\Fusil d'assaut;Kalashnikov - AK-47;powder_projectiles;powder_projectiles;;7,62 R;7,62x39;4,3;16,3;50;100;300;600;2;10;30;1/50;10;;;;;;;;
Armes Ó feu\Fusil d'assaut;Kalashnikov - AK-74;powder_projectiles;powder_projectiles;;5,45 M74;5,45x39;3,6;16,3;50;100;300;600;2;5;30;1/5/55;5;;;;;;;;
Armes Ó feu\Fusil d'assaut;Kalashnikov - AK-9;powder_projectiles;powder_projectiles;;9 SP 5;9x39;3,1;16,3;66;132;396;792;1;2;20;1/3/55;3;;;;;;;;
Armes Ó feu\Fusil d'assaut;Kalashnikov - AKM;powder_projectiles;powder_projectiles;;7,62 R;7,62x39;3,15;16,3;50;100;300;600;2;5;30;1/5/55;5;;;;;;;;
Armes Ó feu\Fusil d'assaut;Kalashnikov - AKMS;powder_projectiles;powder_projectiles;;7,62 R;7,62x39;3,46;16,3;50;100;300;600;2;5;30;1/5/55;5;;;;;;;;
Armes Ó feu\Pistolet Mitrailleur;Kalashnikov - AKR;powder_projectiles;powder_projectiles;;5,45 M74;5,45x39;2,5;16;16;32;96;192;2;5;30;1/10/55;10;;;;;;;;
Armes Ó feu\Fusil d'assaut;Kalashnikov - AKS-74U;powder_projectiles;powder_projectiles;;5,45 M74;5,45x39;2,68;8,1;45;90;270;540;2;10;30;1/12;12;;;;;;;;
Armes Ó feu\Pistolet Mitrailleur;Kalashnikov - KR-9SBR;powder_projectiles;powder_projectiles;;9 P;9x19;;9;50;100;300;600;9;;30;SA;1;;;;;;;;
Armes Ó feu\Fusil d'assaut;Kalashnikov - KS-12T;powder_projectiles;powder_projectiles;;cal. 12 g;12 gauge;;18,25;8;16;48;96;14;;10;SA;1;;;;;;;;
Armes Ó feu\Mitrailleuse;KPV;powder_projectiles;powder_projectiles;;14,5 BS;14,5x114;50;53,5;250;500;1500;3000;;5;50;75;10;;;;;;;;
Armes Ó feu\Fusil Sniper;Lee Einfield - L42 A1;powder_projectiles;powder_projectiles;;7,62 N;7,62x51;4,43;27,6;100;200;600;1200;2;;10;B A;1;;;;;;;;
Armes Ó feu\Fusil Sniper;Lee Einfield - L42 A1;powder_projectiles;powder_projectiles;;7,62 N;7,62x51;4,42;20,4;100;200;600;1200;2;;10;SA;1;;;;;;;;
Armes Ó feu\Mitrailleuse;Lee Einfield - L85 A1;powder_projectiles;powder_projectiles;;5,56 M193;5,56x45;4,6;20,4;66;132;396;792;1;5;30;1/10/65;10;;;;;;;;
Armes Ó feu\Mitrailleuse;Lee Einfield - L86 A1;powder_projectiles;powder_projectiles;;5,56 M193;5,56x45;6,4;25,4;66;132;396;792;1;5;30;1/10/65;10;;;;;;;;
Armes Ó feu\Mitrailleuse;Lee Einfield - L96 A1;powder_projectiles;powder_projectiles;;7,62 N;7,62x51;6;27;66;132;396;792;2;;20;B A;1;;;;;;;;
Armes Ó feu\fusil;Lebel-Berthier - mousqueton 1916;powder_projectiles;powder_projectiles;Lebel1916;8mm lebel;8x51;3;17,7;50;100;300;600;3;;5;BA;1;;;;;;;;
Armes Ó feu\fusil;Lee Einfield - Lee Einfield Mk4;powder_projectiles;powder_projectiles;;.303 british;.303;4,12;25,2;66;132;396;792;2;;10;BA;1;;;;;;;;
Armes Ó feu\Mitrailleuse;Lewis - Mk1;powder_projectiles;powder_projectiles;;.303 british;.303;12,7;26,3;33;66;198;396;;5;47;10/50;10;;;;;;;;
Armes Ó feu\Pistolet Mitrailleur;Lithgow - SMG F1A1;powder_projectiles;powder_projectiles;;9 P;9x19;4,3;8,2;15;30;90;180;1;5;34;1/65;10;;;;;;;;
Armes Ó feu\Pistolet auto;Llama - Large Frame Auto;powder_projectiles;powder_projectiles;;9 P;9x19;1,12;5;6;12;36;72;3;;17;SA;1;;;;;;;;
Armes Ó feu\Pistolet auto;Luger - Luger P08;powder_projectiles;powder_projectiles;Luger P08;9 P;9x19;0,87;4;5;10;30;60;3;;8;SA;1;;;;;;;;
Armes Ó feu\Pistolet Mitrailleur;M 45B;powder_projectiles;powder_projectiles;;9 P;9x19;3,9;8;5;10;30;60;1;3;40;5/50;5;;;;;;;;
Armes Ó feu\Pistolet Mitrailleur;M 45B SD;powder_projectiles;powder_projectiles;;9 P;9x19;4,564;8;5;10;30;60;1;3;40;5/45;5;;;;;;;;
Armes Ó feu\Mitrailleuse;M134 Minigun;powder_projectiles;powder_projectiles;;7,62 N;7,62 x 51;16,3;22;100;200;600;1200;;50;1000;100;100;;;;;;;;
Armes Ó feu\fusil;M14;powder_projectiles;powder_projectiles;;7,62 N;7,62 x 51;4,17;22;100;200;600;1200;2;;10;SA;1;;;;;;;;
Armes Ó feu\Fusil Sniper;M40 A1;powder_projectiles;powder_projectiles;;7,62 N;7,62x51;6,57;24;116;232;696;1392;2;;5;B A;1;;;;;;;;
Armes Ó feu\Mitrailleuse;M60;powder_projectiles;powder_projectiles;;7,62 N;7,62x51;10,51;22;100;200;600;1200;1;3;50;1/5/45;5;;;;;;;;
Armes Ó feu\Mitrailleuse;M60 E3 L;powder_projectiles;powder_projectiles;;7,62 N;7,62x51;8,505;22;100;200;600;1200;1;3;50;1/5/45;5;;;;;;;;
Armes Ó feu\Mitrailleuse;M60 E3 S;powder_projectiles;powder_projectiles;;7,62 N;7,62x51;8,392;22;100;200;600;1200;1;3;50;1/5/45;5;;;;;;;;
Armes Ó feu\Pistolet Mitrailleur;M7A4;powder_projectiles;powder_projectiles;;9 P;9x19;2,2;20;6;12;36;72;2;5;30;1/5/45;5;;;;;;;;
Armes Ó feu\Pistolet Mitrailleur;M7A8;powder_projectiles;powder_projectiles;;9 P;9x19;2,3;20;6;12;36;72;2;5;30;1/5/45;5;;;;;;;;
Armes Ó feu\Pistolet auto;MAB - Baby Browning;powder_projectiles;powder_projectiles;;.25 ACP;6,35x16;0,275;2,1;2;4;12;24;4;;6;SA;1;;;;;;;;
Armes Ó feu\Pistolet auto;MAB - Micro Unique;powder_projectiles;powder_projectiles;;.32 ACP;7,65x17;0,31;3;4;8;24;48;5;;6;SA;1;;;;;;;;
Armes Ó feu\Mitrailleuse;MAC - AA-52;powder_projectiles;powder_projectiles;;7,62 N;7,62x51;10;23,6;100;200;600;1200;;5;100;75;10;;;;;;;;
Armes Ó feu\Pistolet auto;MAC - PAMAC 50;powder_projectiles;powder_projectiles;;9 P;9x19;0,86;5;5;10;30;60;3;;9;SA;1;;;;;;;;
Armes Ó feu\Pistolet auto;Magnum Research - Desert Eagle .50AE;powder_projectiles;powder_projectiles;;.50 AE;12,7 x 32,6;1,78;6;16;32;96;192;3;;7;SA;1;;;;;;;;
Armes Ó feu\Pistolet auto;Magnum Research - Desert eagle 357;powder_projectiles;powder_projectiles;;.357 Magnum;9x33;1,64;6;12;24;72;144;2;;9;SA;1;;;;;;;;
Armes Ó feu\Pistolet auto;Magnum Research - Desert eagle 44;powder_projectiles;powder_projectiles;;.44 Magnum;11,2x32,8;1,78;6;16;32;96;192;3;;8;SA;1;;;;;;;;
Armes Ó feu\Pistolet auto;Makarov - PM Makarov;powder_projectiles;powder_projectiles;;9M;9x18;0,73;3,8;5;10;30;60;3;;8;SA;1;;;;;;;;
Armes Ó feu\Pistolet auto;Mamba;powder_projectiles;powder_projectiles;;9 P;9x19;0;;5;10;30;60;17;;15;SA;1;;;;;;;;
Armes Ó feu\Pistolet auto;Manufacture d'armes de Bayonne - PA-15;powder_projectiles;powder_projectiles;;9 P;9x19;1,07;4,5;5;10;30;60;3;;15;SA;1;;;;;;;;
Armes Ó feu\revolver;Manurhin - MR 88;powder_projectiles;powder_projectiles;;.357 Magnum;9x33;0,94;4;8;16;48;96;3;;6;DAR;1;;;;;;;;
Armes Ó feu\revolver;Manurhin - MR73;powder_projectiles;powder_projectiles;;.357 Magnum;9x33;0,91;4;8;16;48;96;3;;6;DAR;1;;;;;;;;
Armes Ó feu\Pistolet auto;Manurhin - Walther PPK;powder_projectiles;powder_projectiles;;.32 ACP;7,65x17;0,68;3,3;5;10;30;60;3;;8;SA;1;;;;;;;;
Armes Ó feu\Pistolet auto;Manurhin - Walther PPK/S;powder_projectiles;powder_projectiles;;.32 ACP;7,65x17;0,56;3,3;4;8;24;48;3;;7;SA;1;;;;;;;;
Armes Ó feu\Mitrailleuse;MAS - Darne;powder_projectiles;powder_projectiles;Darne;8mm lebel;8x51;12,3;24;83;166;498;996;;10;200;60;10;;;;;;;;
Armes Ó feu\Fusil d'assaut;MAS - FA-MAS F1;powder_projectiles;powder_projectiles;;5,56 M855;5,56x45;3,78;19,2;50;100;300;600;2;3;25;1/3/80;3;;;;;;;;
Armes Ó feu\Fusil d'assaut;MAS - FAMAS Commando;powder_projectiles;powder_projectiles;;5,56 M855;5,56x45;3,12;15,3;25;50;150;300;2;3;30;1/3/70;3;;;;;;;;
Armes Ó feu\Fusil d'assaut;MAS - Famas Felin;powder_projectiles;powder_projectiles;;5,56 M855;5,56x45;3,5;18,9;50;100;300;600;2;3;30;1/3/70;3;;;;;;;;
Armes Ó feu\Fusil d'assaut;MAS - FAMAS G2;powder_projectiles;powder_projectiles;;5,56 M855;5,56x45;3,8;19,2;50;100;300;600;2;3;30;1/3/70;3;;;;;;;;
Armes Ó feu\Mitrailleuse;MAS - FM 24/29;powder_projectiles;powder_projectiles;FM24-29;7,5 MAS Mle 29C;7,5x54;9,1;19,7;83;166;498;996;1;5;30;1/90;15;;;;;;;;
Armes Ó feu\Fusil Sniper;MAS - FR F1;powder_projectiles;powder_projectiles;;7,5 MAS Mle 29C;7,5x54;5,2;23;116;232;696;1392;2;;10;B A;1;;;;;;;;
Armes Ó feu\Fusil Sniper;MAS - FR F2;powder_projectiles;powder_projectiles;;7,62 N;7,62x51;5,34;25;100;200;600;1200;2;;10;B A;1;;;;;;;;
Armes Ó feu\fusil;MAS - MAS 36;powder_projectiles;powder_projectiles;MAS36;7,5 MAS Mle 29C;7,5x54;3,72;22,6;50;100;300;600;2;;5;BA;1;;;;;;;;
Armes Ó feu\fusil;MAS - MAS 36 CR;powder_projectiles;powder_projectiles;MAS36CR;7,5 MAS Mle 29C;7,5x54;3,74;17,7;41;82;246;492;2;;5;BA;1;;;;;;;;
Armes Ó feu\Pistolet Mitrailleur;MAS - MAS 38;powder_projectiles;powder_projectiles;MAS38;7,5 L;7,65x20;2,9;8,7;10;20;60;120;1;10;32;1/50;10;;;;;;;;
Armes Ó feu\fusil;MAS - MAS-40;powder_projectiles;powder_projectiles;MAS40;7,5 MAS Mle 29C;7,5x54;4,15;22,6;66;132;396;792;2;;10;SA;1;;;;;;;;
Armes Ó feu\Fusil d'assaut;MAS - MAS49-56 FSA;powder_projectiles;powder_projectiles;MAS49-56;7,5 MAS Mle 29C;7,5x54;3,9;20,7;116;232;696;1392;2;;10;SA;1;;;;;;;;
Armes Ó feu\Fusil sniper;MAS - MAS49/56 MSE;powder_projectiles;powder_projectiles;;7,5 MAS Mle 29C;7,5x54;4,2;20,7;116;232;696;1392;2;;10;SA;1;;;;;;;;
Armes Ó feu\Revolver;MAS - Model 1892;powder_projectiles;powder_projectiles;Mle1892;8 court;8x27;0,91;4;4;8;24;48;3;;6;BA;1;;;;;;;;
Armes Ó feu\Pistolet Mitrailleur;MAT - MAT 49;powder_projectiles;powder_projectiles;;9 P;9x19;3,64;9;15;30;90;180;;3;32;5/50;5;;;;;;;;
Armes Ó feu\Pistolet auto;Mauser - C96;powder_projectiles;powder_projectiles;Mauser C96;7,62 TT;7,62x25;1,22;5,5;12;24;72;144;3;;10;SA;1;;;;;;;;
Armes Ó feu\Pistolet auto;"Mauser - C96 Mle 1916 ""red nine""";powder_projectiles;powder_projectiles;;9 P;9x19;1,22;5,5;10;20;60;120;3;;10;SA;5;;;;;;;;
Armes Ó feu\Pistolet Mitrailleur;Mauser - C96 Schnellfeuer;powder_projectiles;powder_projectiles;Mauser C96;7,62 TT;7,62x25;1,3;5,5;12;24;72;144;;10;20;50;10;;;;;;;;
Armes Ó feu\fusil;Mauser - K98;powder_projectiles;powder_projectiles;K98;8mm mauser;7,92x57;3,9;23,6;66;132;396;792;2;;5;BA;1;;;;;;;;
Armes Ó feu\Mitrailleuse;Mauser - MG3 (MG 42/59);powder_projectiles;powder_projectiles;;7,62 N;7,62x51;12;21,7;100;200;600;1200;1;5;100;1/10/80;10;;;;;;;;
Armes Ó feu\fusil;Mauser - SP66;powder_projectiles;powder_projectiles;;7,62 N;7,62x51;6,123;25,6;100;200;600;1200;2;;3;B A;1;;;;;;;;
Armes Ó feu\Pistolet auto;Mod 76;powder_projectiles;powder_projectiles;;9 P;9x19;3,289;;5;10;30;60;1;3;20;1/5/60;5;;;;;;;;
Armes Ó feu\Fusil pompe;Mosberg - 500 Special;powder_projectiles;powder_projectiles;;Cal. 20 G;15,7x67;3;18,5;6;12;36;72;2;;5;PA;1;;;;;;;;
Armes Ó feu\fusil;Mosberg - 930;powder_projectiles;powder_projectiles;;Cal. 12 G;18,5x70;3,48;20;6;12;36;72;2;;5;SA;1;;;;;;;;
Armes Ó feu\Fusil pompe;Mosberg - Maverick;powder_projectiles;powder_projectiles;;Cal. 12 G;18,5x70;3;22;6;12;36;72;3;;6;PA;1;;;;;;;;
Armes Ó feu\Pistolet auto;MP-444;powder_projectiles;powder_projectiles;;9 P;9x19P;0,76;4;5;10;30;60;4;;17;SA;1;;;;;;;;
Armes Ó feu\Pistolet auto;MP-445;powder_projectiles;powder_projectiles;;.45 ACP;11,43x23;0,76;4,4;5;10;30;60;4;;17;SA;1;;;;;;;;
Armes Ó feu\Pistolet Mitrailleur;MPi 81;powder_projectiles;powder_projectiles;;9 P;9x19;2,93;10;6;12;36;72;1;3;25;1/5/55;5;;;;;;;;
Armes Ó feu\Mitrailleuse;Neguev lmg;powder_projectiles;powder_projectiles;;5,56 M193;5,56x45;7,6;18;50;100;300;600;;5;50;125/160;15;;;;;;;;
Armes Ó feu\Fusil pompe;Neostad Shotgun;powder_projectiles;powder_projectiles;;Cal. 12 G;18,5x70;3,9;18,5;6;12;36;72;2;;5;PA;1;;;;;;;;
Armes Ó feu\Fusil d'assaut;Nikonov - AN-94;powder_projectiles;powder_projectiles;;5,45 M74;5,45x39;3,83;16,3;50;100;300;600;2;2;30;1/2/50;2;;;;;;;;
Armes Ó feu\Mitrailleuse;Norinco - QBB-95;powder_projectiles;powder_projectiles;;5,8 DBP87;5,8x42;4,1;18,2;75;150;450;900;2;10;75;1/65;10;;;;;;;;
Armes Ó feu\Fusil Sniper;Norinco - QBU-88;powder_projectiles;powder_projectiles;;5,8 DBP87;5,8x42;4,1;24,4;83;166;498;996;2;;10;SA;1;;;;;;;;
Armes Ó feu\Fusil d'assaut;Norinco - QBZ-95;powder_projectiles;powder_projectiles;;5,8 DBP87;5,8x42;3,5;18,2;50;100;300;600;2;5;30;1/3/65;3;;;;;;;;
Armes Ó feu\Fusil d'assaut;Norinco - QBZ-97;powder_projectiles;powder_projectiles;;5,56 M193;5,56X45;3,6;18,2;50;100;300;600;2;5;30;1/3/65;3;;;;;;;;
Armes Ó feu\Pistolet auto;Norinco - Type 64;powder_projectiles;powder_projectiles;;.32 ACP;7,65x17;1,08;4;3;6;18;36;2;;9;SA;1;;;;;;;;
Armes Ó feu\Pistolet auto;Norinco - Type 67;powder_projectiles;powder_projectiles;;.32 ACP;7,65x17;1,08;23,6;3;6;18;36;2;;9;SA/BA;1;;;;;;;;
Armes Ó feu\Pistolet Mitrailleur;Norinco - Type 85;powder_projectiles;powder_projectiles;;7,62 TT;7,62x25;1,9;10,2;8;16;48;96;2;10;30;1/50;10;;;;;;;;
Armes Ó feu\Mitrailleuse;NSVS tu;powder_projectiles;powder_projectiles;;12,7R;12,7x108;25;43,3;166;332;996;1992;;5;250;160;10;;;;;;;;
Armes Ó feu\Fusil d'assaut;Ots-14-1A Groza-1;powder_projectiles;powder_projectiles;;7,62 R;7,62x39;3,2;9,4;50;100;300;600;2;5;30;1/70;10;;;;;;;;
Armes Ó feu\Fusil d'assaut;OTs-14-4A Groza-4;powder_projectiles;powder_projectiles;;9 SP 5;9x39;3,2;9,4;66;132;396;792;1;3;20;1/70;10;;;;;;;;
Armes Ó feu\Pistolet Mitrailleur;Ots-22;powder_projectiles;powder_projectiles;;9 P;9x19;1,2;5;5;10;30;60;3;15;25;1/70;10;;;;;;;;
Armes Ó feu\Pistolet auto;P64;powder_projectiles;powder_projectiles;;9M;9x18;0,62;;5;10;30;60;3;;6;SA;1;;;;;;;;
Armes Ó feu\Fusil Sniper;PGM UR Commando;powder_projectiles;powder_projectiles;;7,62 N;7,62x51;5;18;100;200;600;1200;2;;10;BA;1;;;;;;;;
Armes Ó feu\Fusil Sniper;PGM UR Hecate 2;powder_projectiles;powder_projectiles;;.50 BMG;12,7x99;15,8;27;200;400;1200;2400;1;;7;BA;1;;;;;;;;
Armes Ó feu\Fusil Sniper;PGM UR Intervention;powder_projectiles;powder_projectiles;;7,62 N;7,62x51;5,2;22;116;232;696;1392;2;;5;BA;1;;;;;;;;
Armes Ó feu\Mitrailleuse;PKM;powder_projectiles;powder_projectiles;;7,62x54 R;7,62x54;6,5;23,2;100;200;600;1200;;5;50;55;10;;;;;;;;
Armes Ó feu\Pistolet Mitrailleur;PP-19 Bizon II;powder_projectiles;powder_projectiles;;9 P;9x19;3,63;7,4;5;10;30;60;1;3;32;1/70;10;;;;;;;;
Armes Ó feu\Pistolet Mitrailleur;PPsH-41;powder_projectiles;powder_projectiles;;7,62 TT;7,62x25;4,13;10,6;4;8;24;48;1;5;71;1/50;10;;;;;;;;
Armes Ó feu\Fusil d'assaut;RAI model 300;powder_projectiles;powder_projectiles;;7,62 N;7,62x51;5,7;26;100;200;600;1200;2;;5;B A;1;;;;;;;;
Armes Ó feu\Fusil d'assaut;RAI model 300;powder_projectiles;powder_projectiles;;8,58x71;8,58x71;6,442;28;100;200;600;1200;2;;5;B A;1;;;;;;;;
Armes Ó feu\Fusil d'assaut;RAI model 500;powder_projectiles;powder_projectiles;;.50 BMG;12,7x99;15,153;36;200;400;1200;2400;2;;5;B A;1;;;;;;;;
Armes Ó feu\Fusil d'assaut;RAI model 500;powder_projectiles;powder_projectiles;;.50 BMG;12,7x99;15,153;36;200;400;1200;2400;2;;5;B A;1;;;;;;;;
Armes Ó feu\Fusil pompe;Remington - 870;powder_projectiles;powder_projectiles;;Cal. 12 G;18,5x70;3,58;18,5;6;12;36;72;2;;6;PA;1;;;;;;;;
Armes Ó feu\Fusil Sniper;Remington - M24A3;powder_projectiles;powder_projectiles;;7,62 N;7,62x51;3,95;24;116;232;696;1392;2;;10;B A;1;;;;;;;;
Armes Ó feu\Mitrailleuse;RPK-74;powder_projectiles;powder_projectiles;;5,45 M74;5,45x39;4,6;23,2;50;100;300;600;;3;100;50;10;;;;;;;;
Armes Ó feu\Fusil d'assaut;Ruger - AC 556;powder_projectiles;powder_projectiles;;5,56 M193;5,56x45;2,892;18,5;33;66;198;396;2;10;30;1/50;10;;;;;;;;
Armes Ó feu\Fusil d'assaut;Ruger - AC 556 F;powder_projectiles;powder_projectiles;;5,56 M193;5,56x45;3,147;18,5;25;50;150;300;2;10;30;1/50;10;;;;;;;;
Armes Ó feu\Fusil d'assaut;Ruger - Mini 14;powder_projectiles;powder_projectiles;;5,56 M193;5,56x45;2,9;18,5;50;100;300;600;2;;20;SA;1;;;;;;;;
Armes Ó feu\revolver;Ruger - Ruger Blackhawk;powder_projectiles;powder_projectiles;;.44 Magnum;.44 Mag;1,54;5;6;12;36;72;3;;6;DAR;1;;;;;;;;
Armes Ó feu\Pistolet auto;Ruger - Ruger P-85;powder_projectiles;powder_projectiles;;9 P;9x19;0,91;4,5;8;16;48;96;3;;15;SA;1;;;;;;;;
Armes Ó feu\Pistolet Mitrailleur;Saab-Bofors - CBJ MS;powder_projectiles;powder_projectiles;;.32 ACP;6,5x25;2,8;10;25;50;150;300;1;5;30;1/50;10;;;;;;;;
Armes Ó feu\Pistolet;SACM - PA35A;powder_projectiles;powder_projectiles;SACM35A;7,65 L;7,65x20;0,67;4;5;10;30;60;3;;8;SA;1;;;;;;;;
Armes Ó feu\Fusil pompe;Saiga 12K;powder_projectiles;powder_projectiles;;Cal. 12 G;18,5x70;3,6;20;8;16;48;96;2;;7;SA;1;;;;;;;;
Armes Ó feu\Fusil d'assaut;SAR 80;powder_projectiles;powder_projectiles;;5,56 M193;5,56x45;3,4;15;50;100;300;600;2;5;30;1/5/50;5;;;;;;;;
Armes Ó feu\Pistolet auto;Sauer&Sohn - Sig P230;powder_projectiles;powder_projectiles;;.380 ACP;9x17;0,44;4,7;4;8;24;48;4;;8;SA;1;;;;;;;;
Armes Ó feu\Pistolet auto;Sauer&Sohn - SIG P230;powder_projectiles;powder_projectiles;;9 P;9x19;0,46;4,5;5;10;30;60;6;;7;SA;1;;;;;;;;
Armes Ó feu\Pistolet auto;Sauer&Sohn - SIG P239;powder_projectiles;powder_projectiles;;.40 S&W;10,17x29;0,79;4,5;7;14;42;84;3;;7;SA;1;;;;;;;;
Armes Ó feu\Fusil pompe;Savage 311-R;powder_projectiles;powder_projectiles;;Cal. 12 G;18,5x70;3,4;26;6;12;36;72;2;;2;SA;1;;;;;;;;
Armes Ó feu\Fusil pompe;Savage 311-R Close with buckshot;powder_projectiles;powder_projectiles;;Cal. 12 G;18,5x70;3,4;26;6;12;36;72;2;;2;SA;1;;;;;;;;
Armes Ó feu\Fusil pompe;Savage 311-R Medium with buckshot (p200);powder_projectiles;powder_projectiles;;Cal. 12 G;18,5x70;3,4;30;6;12;36;72;2;;2;SA;1;;;;;;;;
Armes Ó feu\Fusil d'assaut;Beretta - SC 70;powder_projectiles;powder_projectiles;;5,56 M193;5,56x45;3,595;17,7;50;100;300;600;2;5;30;1/5/50;5;;;;;;;;
Armes Ó feu\Fusil d'assaut;Beretta - SC 70 Carbine;powder_projectiles;powder_projectiles;;5,56 M193;5,56x45;3,445;14,2;50;100;300;600;2;5;25;1/5/50;5;;;;;;;;
Armes Ó feu\Fusil d'assaut;Beretta - SC 70/90;powder_projectiles;powder_projectiles;;5,56 M193;5,56x45;3,99;17,7;50;100;300;600;2;3;30;1/5/50;3;;;;;;;;
Armes Ó feu\Fusil d'assaut;SCAR H CQC;powder_projectiles;powder_projectiles;;7,62 N;7,62x51;3,49;13;100;200;600;1200;2;3;20;1/3/50;3;;;;;;;;
Armes Ó feu\Fusil d'assaut;SCAR H Standart;powder_projectiles;powder_projectiles;;7,62 N;7,62x51;3,58;16;100;200;600;1200;2;3;20;1/3/50;3;;;;;;;;
Armes Ó feu\Fusil Sniper;SCAR H PR;powder_projectiles;powder_projectiles;;7,62 N;7,62x51;3,72;20;100;200;600;1200;2;3;20;1/3/50;3;;;;;;;;
Armes Ó feu\Fusil d'assaut;SCAR L CQC;powder_projectiles;powder_projectiles;;5,56 M193;5,56x45;3,04;10;50;100;300;600;2;3;30;1/3/50;3;;;;;;;;
Armes Ó feu\Fusil d'assaut;SCAR L standart;powder_projectiles;powder_projectiles;;5,56 M193;5,56x45;3,29;14;50;100;300;600;2;3;30;1/3/50;3;;;;;;;;
Armes Ó feu\Fusil d'assaut;SCS 70/90;powder_projectiles;powder_projectiles;;5,56 M193;5,56x45;3,79;17,7;50;100;300;600;2;3;30;1/3/50;3;;;;;;;;
Armes Ó feu\Fusil d'assaut;Sig-Manurhin - SIG 540;powder_projectiles;powder_projectiles;;5,56 M193;5,56x45;3,54;20,8;50;100;300;600;2;10;30;1/65;10;;;;;;;;
Armes Ó feu\Fusil d'assaut;Sig-Manurhin - SIG 542;powder_projectiles;powder_projectiles;;7,62 N;7,62x51;3,55;20,8;100;200;600;1200;2;10;20;1/60;10;;;;;;;;
Armes Ó feu\Fusil d'assaut;Sig-Manurhin - SIG 543;powder_projectiles;powder_projectiles;;5,56 M193;5,56x45;3;11;50;100;300;600;2;10;30;1/60;10;;;;;;;;
Armes Ó feu\Fusil Sniper;Sigsauer - SIG 2000 300;powder_projectiles;powder_projectiles;;.300 BLK;7,8x34;6,622;16;66;132;396;792;1;;4;B A;1;;;;;;;;
Armes Ó feu\Fusil Sniper;Sigsauer - SIG 2000 7;powder_projectiles;powder_projectiles;;7,62 N;7,62x51;6,522;16;100;200;600;1200;2;;4;B A;1;;;;;;;;
Armes Ó feu\Fusil Sniper;Sigsauer - SIG 2000 7,5;powder_projectiles;powder_projectiles;;7,5 MAS Mle 29C;7,5x55;6,522;16;150;300;900;1800;2;;4;B A;1;;;;;;;;
Armes Ó feu\Fusil d'assaut;Sigsauer - SIG 510;powder_projectiles;powder_projectiles;;7,5 MAS Mle 29C;7,5x55;5,95;23,3;100;200;600;1200;2;3;24;1/60;12;;;;;;;;
Armes Ó feu\fusil;SKS Simonov;powder_projectiles;powder_projectiles;;7,62 R;7,62x39;3,85;20,5;50;100;300;600;2;;5;SA;1;;;;;;;;
Armes Ó feu\Pistolet auto;Smith&Wesson - MP45;powder_projectiles;powder_projectiles;;.45 ACP;11,43x23;;5;7;14;42;84;10;;10;SA;1;;;;;;;;
Armes Ó feu\Pistolet auto;Smith&Wesson - MP9;powder_projectiles;powder_projectiles;;9 P;9x19;;5;5;10;30;60;15;;17;SA;1;;;;;;;;
Armes Ó feu\revolver;Smith&Wesson - S&W model 29/16.5;powder_projectiles;powder_projectiles;;.44 Magnum;.44 Mag;;8;5;10;30;60;25;;6;DAR;1;;;;;;;;
Armes Ó feu\revolver;Smith&Wesson - S&W model 29/21;powder_projectiles;powder_projectiles;;.357 Magnum;9x33;;6,5;6;12;36;72;29;;6;DAR;1;;;;;;;;
Armes Ó feu\revolver;Smith&Wesson - S&W model 36;powder_projectiles;powder_projectiles;;.38 special;9x29;;2;2;4;12;24;20;;5;DAR;1;;;;;;;;
Armes Ó feu\Pistolet auto;Smith&Wesson - S&W model 439;powder_projectiles;powder_projectiles;;9 P;9x19;;4;5;10;30;60;31;;8;SA;1;;;;;;;;
Armes Ó feu\Pistolet auto;Smith&Wesson - S&W model 459;powder_projectiles;powder_projectiles;;9 P;9x19;;4;5;10;30;60;18;;14;SA;1;;;;;;;;
Armes Ó feu\Fusil d'assaut;Spectre M4;powder_projectiles;powder_projectiles;;9 P;9x19;2,903;5;5;10;30;60;1;5;30;1/10/70;12;;;;;;;;
Armes Ó feu\fusil;Springfield - Garand M1;powder_projectiles;powder_projectiles;;.30-06;7,62x63;4,7;24;66;132;396;792;2;;8;SA;1;;;;;;;;
Armes Ó feu\Fusil Sniper;Springfield Armory - M21;powder_projectiles;powder_projectiles;;7,62 N;7,62x51;5,27;22;91;182;546;1092;2;;10;S A;1;;;;;;;;
Armes Ó feu\Pistolet Mitrailleur;Sterling - L2A3;powder_projectiles;powder_projectiles;;9 P;9x19;2,72;7,7;15;30;90;180;1;3;34;1/5/45;5;;;;;;;;
Armes Ó feu\Pistolet Mitrailleur;Sterling - L34A1;powder_projectiles;powder_projectiles;;9 P;9x19;3,6;7,7;15;30;90;180;1;3;34;1/5/45;5;;;;;;;;
Armes Ó feu\Fusil d'assaut;Steyr - AUG A1;powder_projectiles;powder_projectiles;;5,56 M193;5,56x45;3,266;20;50;100;300;600;2;5;30;1/5/45;5;;;;;;;;
Armes Ó feu\Mitrailleuse;Steyr - AUG HBar;powder_projectiles;powder_projectiles;;5,56 M193;5,56x45;5,443;24;50;100;300;600;1;3;50;1/5/45;5;;;;;;;;
Armes Ó feu\Mitrailleuse;Steyr - AUG LMG;powder_projectiles;powder_projectiles;;5,56 M193;5,56x45;4,03;24;25;50;150;300;2;10;30;1/10/50;10;;;;;;;;
Armes Ó feu\Fusil d'assaut;Steyr - AUG Para;powder_projectiles;powder_projectiles;;9 P;9x19;3,3;16;16;32;96;192;1;3;30;1/5/55;5;;;;;;;;
Armes Ó feu\Pistolet auto;Steyr - GB80;powder_projectiles;powder_projectiles;;9 P;9x19;;5,35;5;10;30;60;14;;18;SA;1;;;;;;;;
Armes Ó feu\Pistolet Mitrailleur;Steyr - MP-40;powder_projectiles;powder_projectiles;MP40;9 P;9x19;4,03;9,9;15;30;90;180;1;5;32;1/50;10;;;;;;;;
Armes Ó feu\Pistolet Mitrailleur;Steyr - MPi 69;powder_projectiles;powder_projectiles;;9 P;9x19;3,13;10,2;15;30;90;180;1;3;32;1/45;9;;;;;;;;
Armes Ó feu\Fusil Sniper;Steyr - SSG 69;powder_projectiles;powder_projectiles;;7,62 N;7,62x51;4;25,6;133;266;798;1596;2;;5;B A;1;;;;;;;;
Armes Ó feu\Fusil d'assaut;Swiss Arms - SIG 550;powder_projectiles;powder_projectiles;;5,56 M193;5,56x45;4,1;20,8;66;132;396;792;1;2;30;1/3/65;3;;;;;;;;
Armes Ó feu\Fusil d'assaut;Swiss Arms - SIG 551;powder_projectiles;powder_projectiles;;5,56 M193;5,56x45;3,3;14,3;50;100;300;600;2;3;30;1/3/65;3;;;;;;;;
Armes Ó feu\Fusil d'assaut;Swiss Arms - SIG 552;powder_projectiles;powder_projectiles;;5,56 M193;5,56x45;3;8,9;41;82;246;492;2;3;30;1/3/65;3;;;;;;;;
Armes Ó feu\Pistolet auto;Swiss Arms - Sig P210;powder_projectiles;powder_projectiles;;9 P;9x19;0,97;4,7;5;10;30;60;3;;8;SA;1;;;;;;;;
Armes Ó feu\Pistolet auto;Swiss Arms - Sig P226;powder_projectiles;powder_projectiles;;9 P;9x19;0,75;4,4;6;12;36;72;3;;15;SA;1;;;;;;;;
Armes Ó feu\fusil;Tokarev - SVT40;powder_projectiles;powder_projectiles;SVT40;7,62x54 R;7,62x54;3,85;24,6;50;100;300;600;2;;10;SA;1;;;;;;;;
Armes Ó feu\Pistolet auto;Tokarev - Tokarev TT-33;powder_projectiles;powder_projectiles;TT33;7,62 TT;7.62x25;0,5;4,6;5;10;30;60;5;;8;SA;1;;;;;;;;
Armes Ó feu\Fusil d'assaut;TsNIItochMash - AS VAL;powder_projectiles;powder_projectiles;;9 SP 5;9x39;2,5;8,3;41;82;246;492;2;3;20;1/3;3;;;;;;;;
Armes Ó feu\Fusil Sniper;TsNIITochMash - VSS Vintorez;powder_projectiles;powder_projectiles;VSS Vintorez;9 SP 5;9x39;2,6;7,9;50;100;300;600;2;3;20;1/66;10;;;;;;;;
Armes Ó feu\Fusil pompe;Tula Arms Plant - TOZ 194;powder_projectiles;powder_projectiles;;Cal. 12 G;18,5x70;2,9;;5;10;30;60;3;;7;PA;1;;;;;;;;
Armes Ó feu\Mitrailleuse;Type 62;powder_projectiles;powder_projectiles;;7,62 N;7,62x51;10,7;23,9;100;200;600;1200;;5;25;50;10;;;;;;;;
Armes Ó feu\Fusil d'assaut;Type 56;powder_projectiles;powder_projectiles;;7,62 R;7,62x39;3,5;16,3;100;200;600;1200;2;5;30;1/3/50;3;;;;;;;;
Armes Ó feu\Mitrailleuse;Ultimax 100 M3;powder_projectiles;powder_projectiles;;5,56 M193;5,56x45;4,42;;50;100;300;600;1;3;30;1/5/40;5;;;;;;;;
Armes Ó feu\Pistolet Mitrailleur;UZI;powder_projectiles;powder_projectiles;;.45 ACP;11,43x23;3,5;10,2;7;14;42;84;1;3;30;1/5/40;5;;;;;;;;
Armes Ó feu\Pistolet Mitrailleur;UZI;powder_projectiles;powder_projectiles;;9 P;9x19;3,5;10,2;5;10;30;60;1;3;40;1/5/50;5;;;;;;;;
Armes Ó feu\Fusil Sniper;V-94;powder_projectiles;powder_projectiles;;12,7R;12,7x108;10,2;39,4;166;332;996;1992;2;;5;SA;1;;;;;;;;
Armes Ó feu\Fusil d'assaut;Valmet - RK71 / M71S;powder_projectiles;powder_projectiles;;5,56 M193;5,56x45;3,5;16,3;50;100;300;600;2;;30;SA;0;;;;;;;;
Armes Ó feu\Mitrailleuse;Vickers - Mk I Tripod;powder_projectiles;powder_projectiles;;.303 british;.303;49;28;125;250;750;1500;;10;250;60;10;;;;;;;;
Armes Ó feu\Pistolet Mitrailleur;Viking systems Inc - SMG;powder_projectiles;powder_projectiles;;9 P;9x19;2,95;;16;32;96;192;1;3;36;1/55;10;;;;;;;;
Armes Ó feu\Pistolet Mitrailleur;Voere - 180 M-2;powder_projectiles;powder_projectiles;;.22 LR;5,56x15;2,6;;10;20;60;120;;10;177;100;15;;;;;;;;
Armes Ó feu\Fusil Sniper;VSK94;powder_projectiles;powder_projectiles;;9 SP 5;9x39;2,7;9,1;91;182;546;1092;1;;20;SA;1;;;;;;;;
Armes Ó feu\fusil;Walther - G41W;powder_projectiles;powder_projectiles;Walter G41;8mm mauser;7,92x57;4,98;21,5;33;66;198;396;2;;10;SA;1;;;;;;;;
Armes Ó feu\Fusil Sniper;Walther - WA 2000;powder_projectiles;powder_projectiles;;.300 WM;7,62x66;6,95;25,6;83;166;498;996;2;;6;S A;1;;;;;;;;
Armes Ó feu\Pistolet Mitrailleur;Walther - Walter MP K;powder_projectiles;powder_projectiles;;9 P;9x19;2,8;8;12;24;72;144;1;3;32;1/5/45;5;;;;;;;;
Armes Ó feu\Pistolet Mitrailleur;Walther - Walter MP L;powder_projectiles;powder_projectiles;;9 P;9x19;3;9,8;25;50;150;300;1;3;32;1/5/45;5;;;;;;;;
Armes Ó feu\Pistolet auto;Walther - Walther P-38;powder_projectiles;powder_projectiles;;9 P;9x19;0,88;4,9;5;10;30;60;3;;8;SA;1;;;;;;;;
Armes Ó feu\Pistolet Mitrailleur;Z 62/70B;powder_projectiles;powder_projectiles;;9 P;9x19;2,87;;5;10;30;60;1;3;25;1/5/45;5;;;;;;;;
Armes Ó feu\Pistolet Mitrailleur;Z 84 long;powder_projectiles;powder_projectiles;;9 P;9x19;3,15;;5;10;30;60;1;3;25;1/5/50;5;;;;;;;;
Armes Ó feu\Pistolet Mitrailleur;Z 84 short;powder_projectiles;powder_projectiles;;9 P;9x19;3,1;;5;10;30;60;1;3;20;1/5/50;5;;;;;;;;
Armes Ó feu\Fusil Sniper;ZVI - Falcon OP99;powder_projectiles;powder_projectiles;;.50 BMG;12,7x99;12,9;;183;366;1098;2196;2;;2;BA;1;;;;;;;;
Armes Ó feu\Fusil Sniper;Knight Armement Company - M110A2;powder_projectiles;powder_projectiles;;7,62 N;7,62x51;4,76;20;133;266;798;1596;2;;20;S A;1;;;;;;;;
Armes Ó feu\Mitrailleuse;Mauser - MG-34;powder_projectiles;powder_projectiles;MG34;8mm mauser;7,92x57;12;24;200;400;1200;2400;1;25;75;1/50;15;;;;;;;;
Armes Ó feu\Mitrailleuse;Mauser - MG-42;powder_projectiles;powder_projectiles;MG42;8mm mauser;7,92x57;11,5;21,7;366;732;2196;4392;;50;250;50;15;;;;;;;;
Armes Ó feu\Fusil d'assaut;STG 44;powder_projectiles;powder_projectiles;STG44;8 Kurtz;7,92x33;4,1;16,5;33;66;198;396;2;30;30;1/50;10;;;;;;;;
Armes Ó feu\Pistolet Mitrailleur;Beretta - Model 42;powder_projectiles;powder_projectiles;Beretta M42;9 P;9x19;3,27;8,7;13;26;78;156;;15;30;50;10;;;;;;;;
Armes Ó feu\Mitrailleuse;Breda - Modello 30;powder_projectiles;powder_projectiles;Breda modello 30;6,5 Carcano;6,5x52;10,2;23,6;233;466;1398;2796;;10;20;50;10;;;;;;;;
Armes Ó feu\fusil;Carcano - M91/38;powder_projectiles;powder_projectiles;carcano M91-38;6,5 Carcano;6,5x52;3,8;21;66;132;396;792;2;;6;BA;1;;;;;;;;
Armes Ó feu\Pistolet auto;Beretta - M35;powder_projectiles;powder_projectiles;Beretta M35;.32 ACP;7,65x17;0,57;3,4;5;10;30;60;3;;7;SA;1;;;;;;;;
